split,threshold,precision,recall,f1,pr_auc
0,best-F1 (train),0.9565217391304348,0.7586206896551724,0.8461538461538461,0.9533059164791824
0,contamination (default),0.8888888888888888,0.8275862068965517,0.8571428571428571,0.9533059164791824
1,best-F1 (train),1.0,0.8620689655172413,0.9259259259259259,0.9854431045793093
1,contamination (default),0.9629629629629629,0.896551724137931,0.9285714285714286,0.9854431045793093
2,best-F1 (train),0.9545454545454546,0.7241379310344828,0.8235294117647058,0.9369336927946205
2,contamination (default),0.9583333333333334,0.7931034482758621,0.8679245283018868,0.9369336927946205
3,best-F1 (train),0.8214285714285714,0.7931034482758621,0.8070175438596491,0.891382968839823
3,contamination (default),0.7666666666666667,0.7931034482758621,0.7796610169491526,0.891382968839823
4,best-F1 (train),1.0,0.7241379310344828,0.84,0.9329416367991996
4,contamination (default),0.92,0.7931034482758621,0.8518518518518519,0.9329416367991996
5,best-F1 (train),1.0,0.7586206896551724,0.8627450980392157,0.9395121914504561
5,contamination (default),0.9230769230769231,0.8275862068965517,0.8727272727272727,0.9395121914504561
6,best-F1 (train),0.8620689655172413,0.8620689655172413,0.8620689655172413,0.9608556308185705
6,contamination (default),0.7,0.9655172413793104,0.8115942028985508,0.9608556308185705
7,best-F1 (train),0.9333333333333333,0.9655172413793104,0.9491525423728814,0.9789274589949313
7,contamination (default),0.8235294117647058,0.9655172413793104,0.8888888888888888,0.9789274589949313
8,best-F1 (train),0.9310344827586207,0.9310344827586207,0.9310344827586207,0.9772893605488231
8,contamination (default),0.9032258064516129,0.9655172413793104,0.9333333333333333,0.9772893605488231
9,best-F1 (train),1.0,0.7931034482758621,0.8846153846153846,0.9332661357699837
9,contamination (default),0.8571428571428571,0.8275862068965517,0.8421052631578947,0.9332661357699837
