model_threshold,metric,mean,std,min,max
Isolation Forest | default,precision,0.578,0.029,0.521,0.625
Isolation Forest | default,recall,0.576,0.029,0.547,0.629
Isolation Forest | default,f1,0.577,0.025,0.54,0.616
Isolation Forest | best-F1,precision,0.553,0.027,0.503,0.611
Isolation Forest | best-F1,recall,0.617,0.027,0.58,0.661
Isolation Forest | best-F1,f1,0.583,0.021,0.539,0.615
Autoencoder | default,precision,0.423,0.153,0.07,0.593
Autoencoder | default,recall,0.428,0.151,0.068,0.583
Autoencoder | default,f1,0.425,0.152,0.069,0.588
Autoencoder | best-F1,precision,0.574,0.116,0.429,0.826
Autoencoder | best-F1,recall,0.438,0.182,0.062,0.648
Autoencoder | best-F1,f1,0.455,0.145,0.115,0.589
